,YearID,TeamID,LeagueID,PlayerID,POS,Salary,yearID,stint,teamID,lgID,G,AB,R,H,2B,3B,HR,RBI,SB,CS,BB,SO,IBB,HBP,SH,SF,GIDP212,2001,CHN,NL,sosasa01,OF,12500000,2000,1,CHN,NL,156,604,106,193,38,1,50,138,7,4,91,168,19,2,0,8,12753,2001,SFN,NL,bondsba01,OF,10300000,2000,1,SFN,NL,143,480,129,147,28,4,49,106,11,3,117,77,22,3,0,7,6372,2001,HOU,NL,bagweje01,1B,6500000,2000,1,HOU,NL,159,590,152,183,37,1,47,132,9,6,107,116,11,15,0,7,196,2001,ANA,AL,glaustr01,SS,1250000,2000,1,ANA,AL,159,563,120,160,37,1,47,102,14,11,112,163,6,2,0,1,14520,2001,MON,NL,guerrvl01,OF,6000000,2000,1,MON,NL,154,571,101,197,28,11,44,123,9,10,58,74,23,8,0,4,15385,2001,HOU,NL,hidalri01,OF,3500000,2000,1,HOU,NL,153,558,118,175,42,3,44,122,13,6,56,110,3,21,0,9,13608,2001,OAK,AL,giambja01,1B,4103333,2000,1,OAK,AL,152,510,108,170,29,1,43,137,2,0,137,96,6,9,0,8,9455,2001,LAN,NL,sheffga01,OF,9916667,2000,1,LAN,NL,141,501,105,163,24,3,43,109,4,6,101,71,7,4,0,6,13189,2001,CHA,AL,thomafr04,1B,9927000,2000,1,CHA,AL,159,582,115,191,44,0,43,143,1,3,112,94,18,5,0,8,13785,2001,SLN,NL,edmonji01,OF,6333333,2000,1,SLN,NL,152,525,129,155,25,0,42,108,10,3,103,167,3,6,1,8,5290,2001,COL,NL,heltoto01,1B,4950000,2000,1,COL,NL,160,580,138,216,59,2,42,147,5,3,103,61,22,4,0,10,12870,2001,TOR,AL,batisto01,3B,3300000,2000,1,TOR,AL,154,620,96,163,32,2,41,114,5,4,35,121,1,6,0,3,15877,2001,TOR,AL,delgaca01,1B,13650000,2000,1,TOR,AL,162,569,115,196,57,1,41,137,0,1,123,104,18,15,0,4,12863,2001,TEX,AL,rodrial01,SS,22000000,2000,1,SEA,AL,148,554,134,175,34,2,41,132,15,4,100,121,5,7,0,11,10230,2001,CIN,NL,griffke02,OF,12500000,2000,1,CIN,NL,145,520,100,141,22,3,40,118,6,4,94,117,17,9,0,8,7860,2001,TEX,AL,palmera01,1B,9000000,2000,1,TEX,AL,158,565,102,163,29,3,39,120,2,1,103,77,17,3,0,7,14588,2001,NYN,NL,piazzmi01,C,13571429,2000,1,NYN,NL,136,482,90,156,26,0,38,113,4,2,58,69,10,3,0,2,15159,2001,BOS,AL,ramirma02,OF,13050000,2000,1,CLE,AL,118,439,92,154,34,2,38,122,1,1,86,117,9,3,0,4,9736,2001,SEA,AL,martied01,1B,5500000,2000,1,SEA,AL,153,556,100,180,31,0,37,145,3,0,96,95,8,5,0,8,13275,2001,CLE,AL,thomeji01,1B,7875000,2000,1,CLE,AL,158,557,106,150,33,1,37,106,1,0,118,171,4,4,0,5,873,2001,ATL,NL,jonesan01,OF,8200000,2000,1,ATL,NL,161,656,122,199,36,6,36,104,21,6,59,100,0,9,0,5,1274,2001,ATL,NL,jonesch06,SS,10333333,2000,1,ATL,NL,156,579,118,180,38,1,36,111,14,7,95,64,10,2,0,10,1426,2001,ANA,AL,vaughmo01,1B,13166667,2000,1,ANA,AL,161,614,93,167,31,0,36,117,2,0,79,181,11,14,0,5,140,2001,ANA,AL,anderga01,OF,4500000,2000,1,ANA,AL,159,647,92,185,40,3,35,117,7,6,24,87,5,0,1,9,2144,2001,ARI,NL,finlest01,OF,5375000,2000,1,ARI,NL,152,539,100,151,27,5,35,96,12,6,65,87,7,8,2,9,9672,2001,PIT,NL,gilesbr02,OF,7333333,2000,1,PIT,NL,156,559,111,176,37,7,35,123,6,0,114,69,13,7,0,8,15142,2001,BOS,AL,evereca01,OF,7333333,2000,1,BOS,AL,137,496,82,149,32,4,34,108,11,4,52,113,5,8,0,5,4470,2001,MIL,NL,jenkige01,OF,1187500,2000,1,MIL,NL,135,512,100,155,36,4,34,94,11,1,33,135,6,15,0,4,921,2001,ANA,AL,salmoti01,OF,6500000,2000,1,ANA,AL,158,568,108,165,36,2,34,97,0,2,104,139,5,6,0,2,14402,2001,KCA,AL,dyeje01,OF,3800000,2000,1,KCA,AL,157,601,107,193,41,2,33,118,0,1,69,99,6,3,0,6,12766,2001,SFN,NL,kentje01,2B,6000000,2000,1,SFN,NL,159,587,114,196,41,7,33,125,12,9,90,107,6,9,0,9,17882,2001,TOR,AL,fullmbr01,1B,2500000,2000,1,TOR,AL,133,482,76,142,29,1,32,104,3,1,30,68,3,6,0,6,14797,2001,SLN,NL,mcgwima01,1B,11000000,2000,1,SLN,NL,89,236,60,72,8,0,32,73,1,0,76,78,12,7,0,2,5181,2001,CHA,AL,ordonma01,OF,3750000,2000,1,CHA,AL,153,588,102,185,34,3,32,126,18,4,60,64,3,2,0,15,28458,2001,MIL,NL,burnije01,OF,5512500,2000,1,MIL,NL,161,564,91,131,29,2,31,98,6,4,99,121,10,14,0,9,12876,2001,TOR,AL,cruzjo02,OF,2350000,2000,1,TOR,AL,162,603,91,146,32,5,31,76,15,5,71,129,3,2,2,3,1145,2001,ARI,NL,gonzalu01,OF,4833333,2000,1,ARI,NL,162,618,106,192,47,2,31,114,2,4,78,85,6,12,2,12,12446,2001,LAN,NL,karroer01,1B,7500000,2000,1,LAN,NL,155,584,84,146,29,0,31,106,4,3,63,122,2,4,0,12,18714,2001,SDN,NL,nevinph01,3B,1625000,2000,1,SDN,NL,143,538,87,163,34,1,31,107,2,0,59,121,9,4,0,4,17369,2001,FLO,NL,wilsopr01,OF,1000000,2000,1,FLO,NL,161,605,94,160,35,3,31,121,36,14,55,187,1,8,0,6,11370,2001,HOU,NL,aloumo01,OF,5250000,2000,1,HOU,NL,126,454,82,161,28,2,30,114,3,3,52,45,4,2,0,9,21322,2001,DET,AL,higgibo02,OF,5325000,2000,1,DET,AL,154,597,104,179,44,4,30,102,15,3,74,99,6,2,2,3,5629,2001,OAK,AL,tejadmi01,SS,2025000,2000,1,OAK,AL,160,607,105,167,32,1,30,115,6,0,66,102,6,4,2,2,15569,2001,NYA,AL,willibe02,OF,12357143,2000,1,NYA,AL,141,537,108,165,37,6,30,121,13,5,71,84,11,5,0,3,15332,2001,DET,AL,palmede01,3B,7500000,2000,1,DET,AL,145,524,73,134,22,2,29,102,4,2,66,146,2,4,0,10,9424,2001,KCA,AL,sweenmi01,1B,5000000,2000,1,KCA,AL,159,618,105,206,30,0,29,144,8,3,71,67,5,15,0,13,15845,2001,TEX,AL,galaran01,1B,6000000,2000,1,ATL,NL,141,494,67,149,25,1,28,100,3,5,36,126,5,17,0,1,15356,2001,FLO,NL,leede02,1B,375000,2000,1,FLO,NL,158,477,70,134,18,3,28,70,0,3,63,123,6,4,0,2,14559,2001,NYA,AL,posadjo01,C,4050000,2000,1,NYA,AL,151,505,92,145,35,1,28,86,2,2,107,151,10,8,0,4,11833,2001,TBA,AL,vaughgr01,OF,8250000,2000,1,TBA,AL,127,461,83,117,27,1,28,74,8,1,80,128,3,2,0,2,10814,2001,TBA,AL,grievbe01,OF,2750000,2000,1,OAK,AL,158,594,92,166,40,1,27,104,3,0,73,130,2,3,0,5,32825,2001,TBA,AL,mcgrifr01,1B,6500000,2000,1,TBA,AL,158,566,82,157,18,0,27,106,2,0,91,120,10,0,0,7,16864,2001,TEX,AL,rodriiv01,C,8200000,2000,1,TEX,AL,91,363,66,126,27,4,27,83,5,5,19,48,5,1,0,6,17726,2001,SEA,AL,buhneja01,OF,1850000,2000,1,SEA,AL,112,364,50,92,20,0,26,82,0,2,59,98,3,4,1,2,10604,2001,OAK,AL,chaveer01,SS,625000,2000,1,OAK,AL,153,501,89,139,23,4,26,86,2,2,62,94,8,1,0,5,9709,2001,SDN,NL,kleskry01,OF,5750000,2000,1,SDN,NL,145,494,88,140,33,2,26,92,23,7,91,81,9,1,0,4,10793,2001,SLN,NL,lankfra01,OF,8100000,2000,1,SLN,NL,128,392,73,99,16,3,26,65,5,6,70,148,1,4,0,6,6660,2001,PHI,NL,rolensc01,3B,5500000,2000,1,PHI,NL,128,483,88,144,32,6,26,89,8,1,51,99,9,5,0,2,4